<?xml version="1.0" encoding="UTF-8"?>
<configuration>
    <!-- Appender for INFO and higher levels -->
    <appender name="FILE" class="ch.qos.logback.core.rolling.RollingFileAppender">
        <rollingPolicy class="ch.qos.logback.core.rolling.SizeAndTimeBasedRollingPolicy">
            <!-- daily rollover -->
            <fileNamePattern>logs/log.%d.%i.log</fileNamePattern>
            <!-- or whenever the file size reaches 20MB -->
            <maxFileSize>20MB</maxFileSize>
            <!-- keep 15 days' worth of history -->
            <maxHistory>15</maxHistory>
            <timeBasedFileNamingAndTriggeringPolicy class="ch.qos.logback.core.rolling.SizeAndTimeBasedFNATP">
                <!-- or whenever the file size reaches 20MB -->
                <maxFileSize>20MB</maxFileSize>
            </timeBasedFileNamingAndTriggeringPolicy>
            <cleanHistoryOnStart>true</cleanHistoryOnStart>
        </rollingPolicy>
        <encoder>
            <pattern>%d{dd-MM-yyyy HH:mm:ss:SSS} %highlight(%-5level) --- [%thread] : %cyan(%logger{15}) : %msg %n</pattern>
        </encoder>
    </appender>

    <!-- Appender for DEBUG logs -->
    <appender name="DEBUG_FILE" class="ch.qos.logback.core.rolling.RollingFileAppender">
        <filter class="ch.qos.logback.classic.filter.LevelFilter">
            <level>DEBUG</level>
            <onMatch>ACCEPT</onMatch>
            <onMismatch>DENY</onMismatch>
        </filter>
        <rollingPolicy class="ch.qos.logback.core.rolling.SizeAndTimeBasedRollingPolicy">
            <fileNamePattern>logs/debug.%d.%i.log</fileNamePattern>
            <maxFileSize>20MB</maxFileSize>
            <maxHistory>15</maxHistory>
            <timeBasedFileNamingAndTriggeringPolicy class="ch.qos.logback.core.rolling.SizeAndTimeBasedFNATP">
                <maxFileSize>20MB</maxFileSize>
            </timeBasedFileNamingAndTriggeringPolicy>
            <cleanHistoryOnStart>true</cleanHistoryOnStart>
        </rollingPolicy>
        <encoder>
            <pattern>%d{dd-MM-yyyy HH:mm:ss:SSS} %highlight(%-5level) --- [%thread] : %cyan(%logger{15}) : %msg %n</pattern>
        </encoder>
    </appender>

    <!-- Appender for ERROR logs -->
    <appender name="ERROR_FILE" class="ch.qos.logback.core.rolling.RollingFileAppender">
        <filter class="ch.qos.logback.classic.filter.LevelFilter">
            <level>ERROR</level>
            <onMatch>ACCEPT</onMatch>
            <onMismatch>DENY</onMismatch>
        </filter>
        <rollingPolicy class="ch.qos.logback.core.rolling.SizeAndTimeBasedRollingPolicy">
            <fileNamePattern>logs/error.%d.%i.log</fileNamePattern>
            <maxFileSize>20MB</maxFileSize>
            <maxHistory>15</maxHistory>
            <timeBasedFileNamingAndTriggeringPolicy class="ch.qos.logback.core.rolling.SizeAndTimeBasedFNATP">
                <maxFileSize>20MB</maxFileSize>
            </timeBasedFileNamingAndTriggeringPolicy>
            <cleanHistoryOnStart>true</cleanHistoryOnStart>
        </rollingPolicy>
        <encoder>
            <pattern>%d{dd-MM-yyyy HH:mm:ss:SSS} %highlight(%-5level) --- [%thread] : %cyan(%logger{15}) : %msg %n</pattern>
        </encoder>
    </appender>

    <!-- Console appender -->
    <appender name="CONSOLE" class="ch.qos.logback.core.ConsoleAppender">
        <filter class="ch.qos.logback.classic.filter.LevelFilter">
            <level>DEBUG</level>
            <onMatch>ACCEPT</onMatch>
            <onMismatch>DENY</onMismatch>
        </filter>
        <layout class="ch.qos.logback.classic.PatternLayout">
            <pattern>%d{dd-MM-yyyy HH:mm:ss:SSS} %highlight(%-5level) --- [%thread] : %cyan(%logger{15}) : %msg %n</pattern>
        </layout>
    </appender>



    <!-- Logger for application-specific logs -->
    <logger name="${appName}-logger">
        <level value="INFO"/>
    </logger>

    <!-- Root logger -->
    <root level="DEBUG">
        <appender-ref ref="FILE"/>
        <appender-ref ref="DEBUG_FILE"/>
        <appender-ref ref="ERROR_FILE"/>
        <appender-ref ref="CONSOLE"/>
<!--        <appender-ref ref="INFO-GRAYLOG"/>-->
<!--        <appender-ref ref="DEBUG-GRAYLOG"/>-->
<!--        <appender-ref ref="ERROR-GRAYLOG"/>-->
    </root>
</configuration>
